{
  "Post Refund" : {
    "transaction" : "Post Refund",
    "sampleCount" : 11,
    "errorCount" : 0,
    "errorPct" : 0.0,
    "meanResTime" : 9591.0,
    "medianResTime" : 1699.0,
    "minResTime" : 809.0,
    "maxResTime" : 55253.0,
    "pct1ResTime" : 50991.400000000016,
    "pct2ResTime" : 55253.0,
    "pct3ResTime" : 55253.0,
    "throughput" : 0.1251308185830641,
    "receivedKBytesPerSec" : 0.0314160116257906,
    "sentKBytesPerSec" : 0.06814208462255995
  },
  "Post Withdraw" : {
    "transaction" : "Post Withdraw",
    "sampleCount" : 132,
    "errorCount" : 13,
    "errorPct" : 9.848485,
    "meanResTime" : 249.9469696969697,
    "medianResTime" : 12.0,
    "minResTime" : 7.0,
    "maxResTime" : 24586.0,
    "pct1ResTime" : 178.80000000000018,
    "pct2ResTime" : 352.35,
    "pct3ResTime" : 17073.549999999716,
    "throughput" : 1.5057148723564437,
    "receivedKBytesPerSec" : 0.4240281473148085,
    "sentKBytesPerSec" : 0.7188928539855817
  },
  "Post decuct" : {
    "transaction" : "Post decuct",
    "sampleCount" : 16,
    "errorCount" : 0,
    "errorPct" : 0.0,
    "meanResTime" : 11431.1875,
    "medianResTime" : 2039.0,
    "minResTime" : 804.0,
    "maxResTime" : 65103.0,
    "pct1ResTime" : 44800.90000000002,
    "pct2ResTime" : 65103.0,
    "pct3ResTime" : 65103.0,
    "throughput" : 0.178649188821027,
    "receivedKBytesPerSec" : 0.044378796295262445,
    "sentKBytesPerSec" : 0.09727352377150768
  },
  "Post Check Balance" : {
    "transaction" : "Post Check Balance",
    "sampleCount" : 17,
    "errorCount" : 0,
    "errorPct" : 0.0,
    "meanResTime" : 50.64705882352941,
    "medianResTime" : 5.0,
    "minResTime" : 3.0,
    "maxResTime" : 423.0,
    "pct1ResTime" : 230.99999999999983,
    "pct2ResTime" : 423.0,
    "pct3ResTime" : 423.0,
    "throughput" : 0.6831973636619378,
    "receivedKBytesPerSec" : 0.16746341628822892,
    "sentKBytesPerSec" : 0.3187181635052044
  },
  "Total" : {
    "transaction" : "Total",
    "sampleCount" : 3925,
    "errorCount" : 17,
    "errorPct" : 0.43312103,
    "meanResTime" : 225.1640764331208,
    "medianResTime" : 8.0,
    "minResTime" : 2.0,
    "maxResTime" : 65103.0,
    "pct1ResTime" : 192.0,
    "pct2ResTime" : 334.6999999999998,
    "pct3ResTime" : 1821.0,
    "throughput" : 43.071756998474655,
    "receivedKBytesPerSec" : 61.9983070501882,
    "sentKBytesPerSec" : 17.709562873105668
  },
  "Post Topup" : {
    "transaction" : "Post Topup",
    "sampleCount" : 265,
    "errorCount" : 0,
    "errorPct" : 0.0,
    "meanResTime" : 242.59245283018868,
    "medianResTime" : 11.0,
    "minResTime" : 6.0,
    "maxResTime" : 25478.0,
    "pct1ResTime" : 272.20000000000005,
    "pct2ResTime" : 344.9999999999999,
    "pct3ResTime" : 8414.719999999426,
    "throughput" : 3.005727896557591,
    "receivedKBytesPerSec" : 0.8561273606306357,
    "sentKBytesPerSec" : 1.3375356221289627
  },
  "Post Pay" : {
    "transaction" : "Post Pay",
    "sampleCount" : 264,
    "errorCount" : 0,
    "errorPct" : 0.0,
    "meanResTime" : 64.4090909090909,
    "medianResTime" : 11.0,
    "minResTime" : 6.0,
    "maxResTime" : 1821.0,
    "pct1ResTime" : 229.0,
    "pct2ResTime" : 344.75,
    "pct3ResTime" : 474.200000000003,
    "throughput" : 4.28905640759033,
    "receivedKBytesPerSec" : 1.2221944961171043,
    "sentKBytesPerSec" : 2.257047394885625
  },
  "Get Transaction" : {
    "transaction" : "Get Transaction",
    "sampleCount" : 631,
    "errorCount" : 2,
    "errorPct" : 0.3169572,
    "meanResTime" : 227.08557844690972,
    "medianResTime" : 15.0,
    "minResTime" : 8.0,
    "maxResTime" : 25587.0,
    "pct1ResTime" : 294.0,
    "pct2ResTime" : 354.4,
    "pct3ResTime" : 1462.039999999996,
    "throughput" : 7.158577814081184,
    "receivedKBytesPerSec" : 53.457828489097636,
    "sentKBytesPerSec" : 2.8965836864406778
  },
  "Get Wallet" : {
    "transaction" : "Get Wallet",
    "sampleCount" : 2589,
    "errorCount" : 2,
    "errorPct" : 0.07724991,
    "meanResTime" : 130.14020857473926,
    "medianResTime" : 5.0,
    "minResTime" : 2.0,
    "maxResTime" : 25219.0,
    "pct1ResTime" : 78.0,
    "pct2ResTime" : 290.5,
    "pct3ResTime" : 609.0999999999999,
    "throughput" : 29.224517439891635,
    "receivedKBytesPerSec" : 8.34000248687775,
    "sentKBytesPerSec" : 11.468474856078563
  }
}