{
  "Post Refund" : {
    "transaction" : "Post Refund",
    "sampleCount" : 12,
    "errorCount" : 0,
    "errorPct" : 0.0,
    "meanResTime" : 15025.916666666664,
    "medianResTime" : 2688.5,
    "minResTime" : 1209.0,
    "maxResTime" : 61422.0,
    "pct1ResTime" : 60193.50000000001,
    "pct2ResTime" : 61422.0,
    "pct3ResTime" : 61422.0,
    "throughput" : 0.12945123464115038,
    "receivedKBytesPerSec" : 0.0323733434287317,
    "sentKBytesPerSec" : 0.07049867042794421
  },
  "Post Withdraw" : {
    "transaction" : "Post Withdraw",
    "sampleCount" : 143,
    "errorCount" : 16,
    "errorPct" : 11.188811,
    "meanResTime" : 278.5524475524476,
    "medianResTime" : 18.0,
    "minResTime" : 6.0,
    "maxResTime" : 29832.0,
    "pct1ResTime" : 294.3999999999999,
    "pct2ResTime" : 364.4,
    "pct3ResTime" : 16987.080000000067,
    "throughput" : 1.516935577973671,
    "receivedKBytesPerSec" : 0.4261616027007818,
    "sentKBytesPerSec" : 0.7243752751434723
  },
  "Post decuct" : {
    "transaction" : "Post decuct",
    "sampleCount" : 19,
    "errorCount" : 1,
    "errorPct" : 5.263158,
    "meanResTime" : 8366.684210526315,
    "medianResTime" : 1807.0,
    "minResTime" : 777.0,
    "maxResTime" : 59749.0,
    "pct1ResTime" : 26176.0,
    "pct2ResTime" : 59749.0,
    "pct3ResTime" : 59749.0,
    "throughput" : 0.1956987475280158,
    "receivedKBytesPerSec" : 0.06711050799274886,
    "sentKBytesPerSec" : 0.1009373422822594
  },
  "Post Check Balance" : {
    "transaction" : "Post Check Balance",
    "sampleCount" : 19,
    "errorCount" : 0,
    "errorPct" : 0.0,
    "meanResTime" : 84.68421052631581,
    "medianResTime" : 5.0,
    "minResTime" : 3.0,
    "maxResTime" : 1022.0,
    "pct1ResTime" : 224.0,
    "pct2ResTime" : 1022.0,
    "pct3ResTime" : 1022.0,
    "throughput" : 0.4948818795092856,
    "receivedKBytesPerSec" : 0.12132949040189618,
    "sentKBytesPerSec" : 0.2308058272341312
  },
  "Total" : {
    "transaction" : "Total",
    "sampleCount" : 4681,
    "errorCount" : 20,
    "errorPct" : 0.42725915,
    "meanResTime" : 235.41059602649028,
    "medianResTime" : 9.0,
    "minResTime" : 2.0,
    "maxResTime" : 61422.0,
    "pct1ResTime" : 280.0,
    "pct2ResTime" : 353.89999999999964,
    "pct3ResTime" : 1610.9800000000178,
    "throughput" : 47.6607442854961,
    "receivedKBytesPerSec" : 70.09448738100086,
    "sentKBytesPerSec" : 19.532005676322353
  },
  "Post Topup" : {
    "transaction" : "Post Topup",
    "sampleCount" : 289,
    "errorCount" : 1,
    "errorPct" : 0.34602076,
    "meanResTime" : 232.24567474048447,
    "medianResTime" : 14.0,
    "minResTime" : 5.0,
    "maxResTime" : 23522.0,
    "pct1ResTime" : 338.0,
    "pct2ResTime" : 391.5,
    "pct3ResTime" : 2757.5000000004275,
    "throughput" : 3.0271606490064835,
    "receivedKBytesPerSec" : 0.880071345148687,
    "sentKBytesPerSec" : 1.3422632608490714
  },
  "Post Pay" : {
    "transaction" : "Post Pay",
    "sampleCount" : 288,
    "errorCount" : 1,
    "errorPct" : 0.3472222,
    "meanResTime" : 184.55555555555554,
    "medianResTime" : 15.0,
    "minResTime" : 6.0,
    "maxResTime" : 30328.0,
    "pct1ResTime" : 322.0,
    "pct2ResTime" : 361.75000000000006,
    "pct3ResTime" : 815.030000000001,
    "throughput" : 3.025273640202525,
    "receivedKBytesPerSec" : 0.8614139247935881,
    "sentKBytesPerSec" : 1.5921893546870733
  },
  "Get Transaction" : {
    "transaction" : "Get Transaction",
    "sampleCount" : 769,
    "errorCount" : 1,
    "errorPct" : 0.130039,
    "meanResTime" : 216.19895968790644,
    "medianResTime" : 17.0,
    "minResTime" : 6.0,
    "maxResTime" : 30637.0,
    "pct1ResTime" : 348.0,
    "pct2ResTime" : 388.0,
    "pct3ResTime" : 1097.8999999999985,
    "throughput" : 7.914291007142415,
    "receivedKBytesPerSec" : 59.37642917468559,
    "sentKBytesPerSec" : 3.207451921839944
  },
  "Get Wallet" : {
    "transaction" : "Get Wallet",
    "sampleCount" : 3142,
    "errorCount" : 0,
    "errorPct" : 0.0,
    "meanResTime" : 138.35423297262872,
    "medianResTime" : 5.0,
    "minResTime" : 2.0,
    "maxResTime" : 29666.0,
    "pct1ResTime" : 203.40000000000055,
    "pct2ResTime" : 309.8499999999999,
    "pct3ResTime" : 425.1400000000003,
    "throughput" : 31.991040065163165,
    "receivedKBytesPerSec" : 9.108455063508629,
    "sentKBytesPerSec" : 12.558982525581632
  }
}